Workbook

Sheet HEADER
A1: id_manual | B1: line_id | C1: plant_id | D1: reg_id | E1: sku_type | F1: shift | G1: id_shipment | H1: tgl_shipment | I1: no_surat_jalan | J1: tgl_surat_jalan | K1: dist_dc | L1: depo_so_direct | M1: transporter_id | N1: transporter_name | O1: nama_driver | P1: no_pol | Q1: nama_checker | R1: jml_gallon_kosong | S1: jml_gallon_isi | T1: jml_jugrack | U1: sesuai_surat_jalan | V1: notes | W1: RETUR SAJA – TIDAK ADA MUATAN --FG_RETURN_ONLY
C2: 9012 | D2: REG-2 | E2: HOD | F2: SHIFT-1 | G2: TEST1 | H2: 45773 | I2: test | J2: 45773 | K2: 20065747 | L2: 20065747 | M2: 0 | N2: testtest | O2: test | P2: test | Q2: test | R2: 123 | S2: 123 | T2: 123 | U2: N | W2: on

Sheet VEHICLE
A1: Kondisi Bak / Box--VEHICLE_BAK | B1: Kondisi Kebersihan--VEHICLE_CLEAN | C1: Kondisi Lantai--VEHICLE_FLOOR | D1: Kondisi Bau--VEHICLE_SMELL | E1: Kondisi Terpal--VEHICLE_TERPAL | F1: Kondisi Tray--VEHICLE_TRAY

Sheet CONTAINER
A1: Crate--CRATE | B1: Jugrack--JUGRACK | C1: Pallet--PALLET_HOD | D1: Pallet--PALLET_SPS | E1: Tray--TRAY | F1: Total of accepted Crate--CRATE_TERIMA | G1: Total of rejected Crate--CRATE_TOLAK | H1: Total of accepted Crate in good condition--CRATE_TERIMA_BAGUS | I1: Total of accepted Crate in bad condition--CRATE_TERIMA_RUSAK | J1: Total of accepted jugrack--JUGRACK_TERIMA | K1: Total of rejected jugrack--JUGRACK_TOLAK | L1: Total of accepted jugrack in good condition--JUGRACK_TERIMA_BAGUS | M1: Total of accepted jugrack in bad condition--JUGRACK_TERIMA_RUSAK | N1: Total of accepted pallet--PALLET_HOD_TERIMA | O1: Total of rejected pallet--PALLET_HOD_TOLAK | P1: Total of accepted pallet in good condition--PALLET_HOD_TERIMA_BAGUS | Q1: Total of accepted pallet in bad condition--PALLET_HOD_TERIMA_RUSAK | R1: Total of accepted pallet--PALLET_SPS_TERIMA | S1: Total of rejected pallet--PALLET_SPS_TOLAK | T1: Total of accepted pallet in good condition--PALLET_SPS_TERIMA_BAGUS | U1: Total of accepted pallet in bad condition--PALLET_SPS_TERIMA_RUSAK | V1: Total of accepted tray--TRAY_TERIMA | W1: Total of rejected tray--TRAY_TOLAK | X1: Total of accepted tray in good condition--TRAY_TERIMA_BAGUS | Y1: Total of accepted tray in bad condition--TRAY_TERIMA_RUSAK
A2: =F2+G2 -> 0 | B2: =K2+J2 -> 0 | C2: =N2+O2 -> 0 | D2: =R2+S2 -> 0 | F2: =H2+I2 -> 0 | J2: =L2+M2 -> 0 | N2: =P2+Q2 -> 0 | R2: =T2+U2 -> 0 | V2: =X2+Y2 -> 0
A3: =F3+G3 -> 0 | B3: =K3+J3 -> 0 | C3: =N3+O3 -> 0 | D3: =R3+S3 -> 0 | F3: =H3+I3 -> 0 | J3: =L3+M3 -> 0 | N3: =P3+Q3 -> 0 | R3: =T3+U3 -> 0 | V3: =X3+Y3 -> 0
A4: =F4+G4 -> 0 | B4: =K4+J4 -> 0 | C4: =N4+O4 -> 0 | D4: =R4+S4 -> 0 | F4: =H4+I4 -> 0 | J4: =L4+M4 -> 0 | N4: =P4+Q4 -> 0 | R4: =T4+U4 -> 0 | V4: =X4+Y4 -> 0
A5: =F5+G5 -> 0 | B5: =K5+J5 -> 0 | C5: =N5+O5 -> 0 | D5: =R5+S5 -> 0 | F5: =H5+I5 -> 0 | J5: =L5+M5 -> 0 | N5: =P5+Q5 -> 0 | R5: =T5+U5 -> 0 | V5: =X5+Y5 -> 0
A6: =F6+G6 -> 0 | B6: =K6+J6 -> 0 | C6: =N6+O6 -> 0 | D6: =R6+S6 -> 0 | F6: =H6+I6 -> 0 | J6: =L6+M6 -> 0 | N6: =P6+Q6 -> 0 | R6: =T6+U6 -> 0 | V6: =X6+Y6 -> 0
A7: =F7+G7 -> 0 | B7: =K7+J7 -> 0 | C7: =N7+O7 -> 0 | D7: =R7+S7 -> 0 | F7: =H7+I7 -> 0 | J7: =L7+M7 -> 0 | N7: =P7+Q7 -> 0 | R7: =T7+U7 -> 0 | V7: =X7+Y7 -> 0
A8: =F8+G8 -> 0 | B8: =K8+J8 -> 0 | C8: =N8+O8 -> 0 | D8: =R8+S8 -> 0 | F8: =H8+I8 -> 0 | J8: =L8+M8 -> 0 | N8: =P8+Q8 -> 0 | R8: =T8+U8 -> 0 | V8: =X8+Y8 -> 0
A9: =F9+G9 -> 0 | B9: =K9+J9 -> 0 | C9: =N9+O9 -> 0 | D9: =R9+S9 -> 0 | F9: =H9+I9 -> 0 | J9: =L9+M9 -> 0 | N9: =P9+Q9 -> 0 | R9: =T9+U9 -> 0 | V9: =X9+Y9 -> 0
A10: =F10+G10 -> 0 | B10: =K10+J10 -> 0 | C10: =N10+O10 -> 0 | D10: =R10+S10 -> 0 | F10: =H10+I10 -> 0 | J10: =L10+M10 -> 0 | N10: =P10+Q10 -> 0 | R10: =T10+U10 -> 0 | V10: =X10+Y10 -> 0
A11: =F11+G11 -> 0 | B11: =K11+J11 -> 0 | C11: =N11+O11 -> 0 | D11: =R11+S11 -> 0 | F11: =H11+I11 -> 0 | J11: =L11+M11 -> 0 | N11: =P11+Q11 -> 0 | R11: =T11+U11 -> 0 | V11: =X11+Y11 -> 0
A12: =F12+G12 -> 0 | B12: =K12+J12 -> 0 | C12: =N12+O12 -> 0 | D12: =R12+S12 -> 0 | F12: =H12+I12 -> 0 | J12: =L12+M12 -> 0 | N12: =P12+Q12 -> 0 | R12: =T12+U12 -> 0 | V12: =X12+Y12 -> 0
A13: =F13+G13 -> 0 | B13: =K13+J13 -> 0 | C13: =N13+O13 -> 0 | D13: =R13+S13 -> 0 | F13: =H13+I13 -> 0 | J13: =L13+M13 -> 0 | N13: =P13+Q13 -> 0 | R13: =T13+U13 -> 0 | V13: =X13+Y13 -> 0
... A224: =F224+G224 -> 0 | B224: =K224+J224 -> 0 | C224: =N224+O224 -> 0 | D224: =R224+S224 -> 0 | F224: =H224+I224 -> 0 | J224: =L224+M224 -> 0 | N224: =P224+Q224 -> 0 | R224: =T224+U224 -> 0 | V224: =X224+Y224 -> 0
J225: =L225+M225 -> 0 | N225: =P225+Q225 -> 0 | R225: =T225+U225 -> 0 | V225: =X225+Y225 -> 0
J226: =L226+M226 -> 0 | N226: =P226+Q226 -> 0 | R226: =T226+U226 -> 0 | V226: =X226+Y226 -> 0
J227: =L227+M227 -> 0 | N227: =P227+Q227 -> 0 | R227: =T227+U227 -> 0 | V227: =X227+Y227 -> 0
J228: =L228+M228 -> 0 | N228: =P228+Q228 -> 0 | R228: =T228+U228 -> 0 | V228: =X228+Y228 -> 0
J229: =L229+M229 -> 0 | N229: =P229+Q229 -> 0 | R229: =T229+U229 -> 0 | V229: =X229+Y229 -> 0
J230: =L230+M230 -> 0 | N230: =P230+Q230 -> 0 | R230: =T230+U230 -> 0 | V230: =X230+Y230 -> 0
J231: =L231+M231 -> 0 | N231: =P231+Q231 -> 0 | R231: =T231+U231 -> 0 | V231: =X231+Y231 -> 0
R232: =T232+U232 -> 0

Sheet PET
A1: Retur Gallon Kosong PET--GAL_EMPTY_PET | B1: Jumlah Gallon Kosong PET Diterima--GAL_EMPTY_PET_TERIMA | C1: Jumlah Gallon Kosong PET Rusak--GAL_EMPTY_PET_BROKEN | D1: Jumlah Gallon Kosong PET Ditolak--GAL_EMPTY_PET_TOLAK | E1: Retur Gallon Isi PET--GAL_FILLED_PET | F1: Jumlah Gallon Isi PET DITERIMA--GAL_FILLED_PET_TERIMA | G1: Jumlah Gallon Isi PET BROKEN--GAL_FILLED_PET_BROKEN | H1: Jumlah Gallon Isi PET DITOLAK --GAL_FILLED_PET_TOLAK
A2: =SUM(B2:D2) -> 123 | B2: =SUM('PET EMPTY TERIMA'!A2:L2) -> 123 | C2: =SUM('PET EMPTY BROKEN'!A2:N2) -> 0 | D2: =SUM('PET EMPTY TOLAK'!A2:G2) -> 0 | E2: =SUM(F2:H2) -> 0 | F2: =SUM('PET FILLED TERIMA'!A2:G2) -> 0 | G2: =SUM('PET FILLED BROKEN'!A2:B2) -> 0 | H2: =SUM('PET FILLED TOLAK'!A2:M2) -> 0
A3: =SUM(B3:D3) -> 0 | B3: =SUM('PET EMPTY TERIMA'!A3:L3) -> 0 | C3: =SUM('PET EMPTY BROKEN'!A3:N3) -> 0 | D3: =SUM('PET EMPTY TOLAK'!A3:G3) -> 0 | E3: =SUM(F3:H3) -> 0 | F3: =SUM('PET FILLED TERIMA'!A3:G3) -> 0 | G3: =SUM('PET FILLED BROKEN'!A3:B3) -> 0 | H3: =SUM('PET FILLED TOLAK'!A3:M3) -> 0
A4: =SUM(B4:D4) -> 0 | B4: =SUM('PET EMPTY TERIMA'!A4:L4) -> 0 | C4: =SUM('PET EMPTY BROKEN'!A4:N4) -> 0 | D4: =SUM('PET EMPTY TOLAK'!A4:G4) -> 0 | E4: =SUM(F4:H4) -> 0 | F4: =SUM('PET FILLED TERIMA'!A4:G4) -> 0 | G4: =SUM('PET FILLED BROKEN'!A4:B4) -> 0 | H4: =SUM('PET FILLED TOLAK'!A4:M4) -> 0
A5: =SUM(B5:D5) -> 0 | B5: =SUM('PET EMPTY TERIMA'!A5:L5) -> 0 | C5: =SUM('PET EMPTY BROKEN'!A5:N5) -> 0 | D5: =SUM('PET EMPTY TOLAK'!A5:G5) -> 0 | E5: =SUM(F5:H5) -> 0 | F5: =SUM('PET FILLED TERIMA'!A5:G5) -> 0 | G5: =SUM('PET FILLED BROKEN'!A5:B5) -> 0 | H5: =SUM('PET FILLED TOLAK'!A5:M5) -> 0
A6: =SUM(B6:D6) -> 0 | B6: =SUM('PET EMPTY TERIMA'!A6:L6) -> 0 | C6: =SUM('PET EMPTY BROKEN'!A6:N6) -> 0 | D6: =SUM('PET EMPTY TOLAK'!A6:G6) -> 0 | E6: =SUM(F6:H6) -> 0 | F6: =SUM('PET FILLED TERIMA'!A6:G6) -> 0 | G6: =SUM('PET FILLED BROKEN'!A6:B6) -> 0 | H6: =SUM('PET FILLED TOLAK'!A6:M6) -> 0
A7: =SUM(B7:D7) -> 0 | B7: =SUM('PET EMPTY TERIMA'!A7:L7) -> 0 | C7: =SUM('PET EMPTY BROKEN'!A7:N7) -> 0 | D7: =SUM('PET EMPTY TOLAK'!A7:G7) -> 0 | E7: =SUM(F7:H7) -> 0 | F7: =SUM('PET FILLED TERIMA'!A7:G7) -> 0 | G7: =SUM('PET FILLED BROKEN'!A7:B7) -> 0 | H7: =SUM('PET FILLED TOLAK'!A7:M7) -> 0
A8: =SUM(B8:D8) -> 0 | B8: =SUM('PET EMPTY TERIMA'!A8:L8) -> 0 | C8: =SUM('PET EMPTY BROKEN'!A8:N8) -> 0 | D8: =SUM('PET EMPTY TOLAK'!A8:G8) -> 0 | E8: =SUM(F8:H8) -> 0 | F8: =SUM('PET FILLED TERIMA'!A8:G8) -> 0 | G8: =SUM('PET FILLED BROKEN'!A8:B8) -> 0 | H8: =SUM('PET FILLED TOLAK'!A8:M8) -> 0
A9: =SUM(B9:D9) -> 0 | B9: =SUM('PET EMPTY TERIMA'!A9:L9) -> 0 | C9: =SUM('PET EMPTY BROKEN'!A9:N9) -> 0 | D9: =SUM('PET EMPTY TOLAK'!A9:G9) -> 0 | E9: =SUM(F9:H9) -> 0 | F9: =SUM('PET FILLED TERIMA'!A9:G9) -> 0 | G9: =SUM('PET FILLED BROKEN'!A9:B9) -> 0 | H9: =SUM('PET FILLED TOLAK'!A9:M9) -> 0
A10: =SUM(B10:D10) -> 0 | B10: =SUM('PET EMPTY TERIMA'!A10:L10) -> 0 | C10: =SUM('PET EMPTY BROKEN'!A10:N10) -> 0 | D10: =SUM('PET EMPTY TOLAK'!A10:G10) -> 0 | E10: =SUM(F10:H10) -> 0 | F10: =SUM('PET FILLED TERIMA'!A10:G10) -> 0 | G10: =SUM('PET FILLED BROKEN'!A10:B10) -> 0 | H10: =SUM('PET FILLED TOLAK'!A10:M10) -> 0
A11: =SUM(B11:D11) -> 0 | B11: =SUM('PET EMPTY TERIMA'!A11:L11) -> 0 | C11: =SUM('PET EMPTY BROKEN'!A11:N11) -> 0 | D11: =SUM('PET EMPTY TOLAK'!A11:G11) -> 0 | E11: =SUM(F11:H11) -> 0 | F11: =SUM('PET FILLED TERIMA'!A11:G11) -> 0 | G11: =SUM('PET FILLED BROKEN'!A11:B11) -> 0 | H11: =SUM('PET FILLED TOLAK'!A11:M11) -> 0
A12: =SUM(B12:D12) -> 0 | B12: =SUM('PET EMPTY TERIMA'!A12:L12) -> 0 | C12: =SUM('PET EMPTY BROKEN'!A12:N12) -> 0 | D12: =SUM('PET EMPTY TOLAK'!A12:G12) -> 0 | E12: =SUM(F12:H12) -> 0 | F12: =SUM('PET FILLED TERIMA'!A12:G12) -> 0 | G12: =SUM('PET FILLED BROKEN'!A12:B12) -> 0 | H12: =SUM('PET FILLED TOLAK'!A12:M12) -> 0
A13: =SUM(B13:D13) -> 0 | B13: =SUM('PET EMPTY TERIMA'!A13:L13) -> 0 | C13: =SUM('PET EMPTY BROKEN'!A13:N13) -> 0 | D13: =SUM('PET EMPTY TOLAK'!A13:G13) -> 0 | E13: =SUM(F13:H13) -> 0 | F13: =SUM('PET FILLED TERIMA'!A13:G13) -> 0 | G13: =SUM('PET FILLED BROKEN'!A13:B13) -> 0 | H13: =SUM('PET FILLED TOLAK'!A13:M13) -> 0
... A270: =SUM(B270:D270) -> 0 | B270: =SUM('PET EMPTY TERIMA'!A270:L270) -> 0 | C270: =SUM('PET EMPTY BROKEN'!A270:N270) -> 0 | D270: =SUM('PET EMPTY TOLAK'!A270:G270) -> 0 | E270: =SUM(F270:H270) -> 0 | F270: =SUM('PET FILLED TERIMA'!A270:G270) -> 0 | G270: =SUM('PET FILLED BROKEN'!A270:B270) -> 0 | H270: =SUM('PET FILLED TOLAK'!A270:M270) -> 0

Sheet PET EMPTY TERIMA
A1: PET: Botol Bagus/Baik--GAL_EMPTY_PET_1 | B1: PET: Gores pada badan botol--GAL_EMPTY_PET_10 | C1: PET: Karat--GAL_EMPTY_PET_11 | D1: PET: Gores pada logo AQUA--GAL_EMPTY_PET_19 | E1: PET: Benda Asing < 3X3 cm--GAL_EMPTY_PET_2 | F1: PET: Lumut Ringan kategori "B"--GAL_EMPTY_PET_3 | G1: PET: Memo Management--GAL_EMPTY_PET_34 | H1: PET: Jugs umur >8 tahun (kondisi kriteria Terima)--GAL_EMPTY_PET_35 | I1: PET: Bau Ringan & Kotor Ringan--GAL_EMPTY_PET_4 | J1: PET: Buram Ringan kategori "B"--GAL_EMPTY_PET_5 | K1: PET: Leher Putih Ringan "B"--GAL_EMPTY_PET_7 | L1: PET: Penyok Ringan <= 4 titik--GAL_EMPTY_PET_9
A2: 123

Sheet PET EMPTY BROKEN
A1: PET: Leher Putih kategori "C"--GAL_EMPTY_PET_13 | B1: PET: Penyok Parah, > 4 titik--GAL_EMPTY_PET_14 | C1: PET: Lumut Parah "C" (sebagian berwarna hijau)--GAL_EMPTY_PET_15 | D1: PET: Deformasi Atas (leher / bahu)--GAL_EMPTY_PET_16 | E1: PET: Buram Parah kategori "C"--GAL_EMPTY_PET_17 | F1: PET: Deformasi Bawah (badan)--GAL_EMPTY_PET_18 | G1: PET: Kotor parah, kerak, lakban, tdk dpt dibersihkan (tdk terkontaminasi)--GAL_EMPTY_PET_20 | H1: PET: Berlubang--GAL_EMPTY_PET_22 | I1: PET: Terkena Api/Rokok--GAL_EMPTY_PET_23 | J1: PET: Berlumpur Parah--GAL_EMPTY_PET_25 | K1: PET: Retak <= 4 cm--GAL_EMPTY_PET_32 | L1: PET: Mengkerut--GAL_EMPTY_PET_33 | M1: PET: Retak > 4 cm--GAL_EMPTY_PET_36 | N1: PET: Mengelupas / Delaminasi--GAL_EMPTY_PET_8

Sheet PET EMPTY TOLAK
A1: PET: Benda Asing >3x3 cm--GAL_EMPTY_PET_24 | B1: PET: Tutup Menempel--GAL_EMPTY_PET_26 | C1: PET: Bau Tajam (Bensin, Cat, Minyak tanah)--GAL_EMPTY_PET_27 | D1: PET: Botol Tidak Utuh--GAL_EMPTY_PET_28 | E1: PET: Bukan AQUA--GAL_EMPTY_PET_29 | F1: PET: Terdapat minyak / bahan kimia--GAL_EMPTY_PET_30 | G1: PET: Terkena spidol atau cat--GAL_EMPTY_PET_31

Sheet PET FILLED TERIMA
A1: PET: Lumut (IVR)--GAL_FILLED_PET_TERIMA_1 | B1: PET: Benda Asing (IVR)--GAL_FILLED_PET_TERIMA_2 | C1: PET: Coding Problem (IVR)--GAL_FILLED_PET_TERIMA_3 | D1: PET: Lain-lain (IVR)--GAL_FILLED_PET_TERIMA_4 | E1: PET: Lain-lain Terima--GAL_FILLED_PET_TERIMA_7 | F1: PET: Derogation BS--GAL_FILLED_PET_TERIMA_8 | G1: PET: Volume < 19L (botol tidak bocor)--GAL_FILLED_PET_TERIMA_9 | H1: --GAL_FILLED_PET_TERIMA_1_BAIK | I1: --GAL_FILLED_PET_TERIMA_2_BAIK | J1: --GAL_FILLED_PET_TERIMA_3_BAIK | K1: PET: Kode Prod Tutup & Botol tdk dpt dibaca/tdk ada saat diterima customer (IVR)--GAL_FILLED_PET_TERIMA_3_BAIK_1 | L1: PET: Kode Produksi Tutup & Botol tidak sama saat diterima customer (IVR)--GAL_FILLED_PET_TERIMA_3_BAIK_2 | M1: --GAL_FILLED_PET_TERIMA_4_BAIK | N1: PET: Lain-lain Terima--GAL_FILLED_PET_TERIMA_7_AFKIR | O1: --GAL_FILLED_PET_TERIMA_7_BAIK | P1: PET: Derogation BS--GAL_FILLED_PET_TERIMA_8_AFKIR | Q1: --GAL_FILLED_PET_TERIMA_8_BAIK | R1: PET: Volume < 19L (botol tidak bocor)--GAL_FILLED_PET_TERIMA_9_BAIK
H2: =A2 -> 0 | I2: =B2 -> 0 | J2: =C2 -> 0 | K2: =D2 -> 0 | L2: =E2 -> 0 | M2: =F2 -> 0 | N2: =G2 -> 0 | O2: =H2 -> 0 | Q2: =J2 -> 0 | R2: =K2 -> 0

Sheet PET FILLED BROKEN
A1: PET: Retak badan < 4cm--GAL_FILLED_PET_BROKEN_5 | B1: PET: Retak dasar < 4cm--GAL_FILLED_PET_BROKEN_6

Sheet PET FILLED TOLAK
A1: PET: Indikasi Counterfeiting--GAL_FILLED_PET_TOLAK_1 | B1: PET: Coding Problem--GAL_FILLED_PET_TOLAK_2 | C1: PET: Lain-lain--GAL_FILLED_PET_TOLAK_3 | D1: PET: Bukan produk atau botol AQUA--GAL_FILLED_PET_TOLAK_1_1 | E1: PET: Tutup bukan AQUA, ada bekas ditutup / direkatkan kembali--GAL_FILLED_PET_TOLAK_1_2 | F1: PET: Kode Produksi Tutup & Botol tidak sama (tanpa IVR)--GAL_FILLED_PET_TOLAK_1_3 | G1: PET: KodeProd Ttp&Btl tdk sama (nonIVR/AQUA Myp)--GAL_FILLED_PET_TOLAK_2_1 | H1: PET: Kode Prod Tutup & Botol tdk dpt dibaca/tdk ada (Tanpa IVR)--GAL_FILLED_PET_TOLAK_2_2 | I1: PET: Botol terkena noda sulit hilang/Terkontaminasi (Cat/Spidol/Kimia/Lem)--GAL_FILLED_PET_TOLAK_3_1 | J1: PET: Btl Berlobang--GAL_FILLED_PET_TOLAK_3_2 | K1: PET: Botol Pecah/Retak >4cm--GAL_FILLED_PET_TOLAK_3_3 | L1: PET: Vol standard (>19L), tutup & botol kondisi bagus--GAL_FILLED_PET_TOLAK_3_4 | M1: PET: Lebih dari standard waktu pengembalian (30 hari dari produksi)--GAL_FILLED_PET_TOLAK_3_5

Sheet PC
A1: Retur Gallon Kosong PC--GAL_EMPTY_PC | B1: Jumlah Gallon Kosong PC Rusak--GAL_EMPTY_PC_BROKEN | C1: Jumlah Gallon Kosong PC Diterima--GAL_EMPTY_PC_TERIMA | D1: Jumlah Gallon Kosong PC Ditolak--GAL_EMPTY_PC_TOLAK | E1: Retur Gallon Isi PC--GAL_FILLED_PC | F1: Jumlah Gallon Isi PC BROKEN--GAL_FILLED_PC_BROKEN | G1: Gallon Isi PC DITERIMA--GAL_FILLED_PC_TERIMA | H1: Jumlah Gallon Isi PC DITOLAK--GAL_FILLED_PC_TOLAK
A2: =B2+C2+D2 -> 0 | B2: =SUM('PC EMPTY BROKEN'!A2:H2) -> 0 | C2: =SUM('PC EMPTY TERIMA'!A2:G2) -> 0 | D2: =SUM('PC EMPTY TOLAK'!A2:G2) -> 0 | E2: =F2+G2+H2 -> 0 | F2: =SUM('PC FILLED BROKEN'!A2:B2) -> 0 | G2: =SUM('PC FILLED TERIMA'!C2:G2) -> 0 | H2: =SUM('PC FILLED TOLAK'!A2:M2) -> 0
A3: =B3+C3+D3 -> 0 | B3: =SUM('PC EMPTY BROKEN'!A3:H3) -> 0 | C3: =SUM('PC EMPTY TERIMA'!A3:G3) -> 0 | D3: =SUM('PC EMPTY TOLAK'!A3:G3) -> 0 | E3: =F3+G3+H3 -> 0 | F3: =SUM('PC FILLED BROKEN'!A3:B3) -> 0 | G3: =SUM('PC FILLED TERIMA'!C3:G3) -> 0 | H3: =SUM('PC FILLED TOLAK'!A3:M3) -> 0
A4: =B4+C4+D4 -> 0 | B4: =SUM('PC EMPTY BROKEN'!A4:H4) -> 0 | C4: =SUM('PC EMPTY TERIMA'!A4:G4) -> 0 | D4: =SUM('PC EMPTY TOLAK'!A4:G4) -> 0 | E4: =F4+G4+H4 -> 0 | F4: =SUM('PC FILLED BROKEN'!A4:B4) -> 0 | G4: =SUM('PC FILLED TERIMA'!C4:G4) -> 0 | H4: =SUM('PC FILLED TOLAK'!A4:M4) -> 0
A5: =B5+C5+D5 -> 0 | B5: =SUM('PC EMPTY BROKEN'!A5:H5) -> 0 | C5: =SUM('PC EMPTY TERIMA'!A5:G5) -> 0 | D5: =SUM('PC EMPTY TOLAK'!A5:G5) -> 0 | E5: =F5+G5+H5 -> 0 | F5: =SUM('PC FILLED BROKEN'!A5:B5) -> 0 | G5: =SUM('PC FILLED TERIMA'!C5:G5) -> 0 | H5: =SUM('PC FILLED TOLAK'!A5:M5) -> 0
A6: =B6+C6+D6 -> 0 | B6: =SUM('PC EMPTY BROKEN'!A6:H6) -> 0 | C6: =SUM('PC EMPTY TERIMA'!A6:G6) -> 0 | D6: =SUM('PC EMPTY TOLAK'!A6:G6) -> 0 | E6: =F6+G6+H6 -> 0 | F6: =SUM('PC FILLED BROKEN'!A6:B6) -> 0 | G6: =SUM('PC FILLED TERIMA'!C6:G6) -> 0 | H6: =SUM('PC FILLED TOLAK'!A6:M6) -> 0
A7: =B7+C7+D7 -> 0 | B7: =SUM('PC EMPTY BROKEN'!A7:H7) -> 0 | C7: =SUM('PC EMPTY TERIMA'!A7:G7) -> 0 | D7: =SUM('PC EMPTY TOLAK'!A7:G7) -> 0 | E7: =F7+G7+H7 -> 0 | F7: =SUM('PC FILLED BROKEN'!A7:B7) -> 0 | G7: =SUM('PC FILLED TERIMA'!C7:G7) -> 0 | H7: =SUM('PC FILLED TOLAK'!A7:M7) -> 0
A8: =B8+C8+D8 -> 0 | B8: =SUM('PC EMPTY BROKEN'!A8:H8) -> 0 | C8: =SUM('PC EMPTY TERIMA'!A8:G8) -> 0 | D8: =SUM('PC EMPTY TOLAK'!A8:G8) -> 0 | E8: =F8+G8+H8 -> 0 | F8: =SUM('PC FILLED BROKEN'!A8:B8) -> 0 | G8: =SUM('PC FILLED TERIMA'!C8:G8) -> 0 | H8: =SUM('PC FILLED TOLAK'!A8:M8) -> 0
A9: =B9+C9+D9 -> 0 | B9: =SUM('PC EMPTY BROKEN'!A9:H9) -> 0 | C9: =SUM('PC EMPTY TERIMA'!A9:G9) -> 0 | D9: =SUM('PC EMPTY TOLAK'!A9:G9) -> 0 | E9: =F9+G9+H9 -> 0 | F9: =SUM('PC FILLED BROKEN'!A9:B9) -> 0 | G9: =SUM('PC FILLED TERIMA'!C9:G9) -> 0 | H9: =SUM('PC FILLED TOLAK'!A9:M9) -> 0
A10: =B10+C10+D10 -> 0 | B10: =SUM('PC EMPTY BROKEN'!A10:H10) -> 0 | C10: =SUM('PC EMPTY TERIMA'!A10:G10) -> 0 | D10: =SUM('PC EMPTY TOLAK'!A10:G10) -> 0 | E10: =F10+G10+H10 -> 0 | F10: =SUM('PC FILLED BROKEN'!A10:B10) -> 0 | G10: =SUM('PC FILLED TERIMA'!C10:G10) -> 0 | H10: =SUM('PC FILLED TOLAK'!A10:M10) -> 0
A11: =B11+C11+D11 -> 0 | B11: =SUM('PC EMPTY BROKEN'!A11:H11) -> 0 | C11: =SUM('PC EMPTY TERIMA'!A11:G11) -> 0 | D11: =SUM('PC EMPTY TOLAK'!A11:G11) -> 0 | E11: =F11+G11+H11 -> 0 | F11: =SUM('PC FILLED BROKEN'!A11:B11) -> 0 | G11: =SUM('PC FILLED TERIMA'!C11:G11) -> 0 | H11: =SUM('PC FILLED TOLAK'!A11:M11) -> 0
A12: =B12+C12+D12 -> 0 | B12: =SUM('PC EMPTY BROKEN'!A12:H12) -> 0 | C12: =SUM('PC EMPTY TERIMA'!A12:G12) -> 0 | D12: =SUM('PC EMPTY TOLAK'!A12:G12) -> 0 | E12: =F12+G12+H12 -> 0 | F12: =SUM('PC FILLED BROKEN'!A12:B12) -> 0 | G12: =SUM('PC FILLED TERIMA'!C12:G12) -> 0 | H12: =SUM('PC FILLED TOLAK'!A12:M12) -> 0
A13: =B13+C13+D13 -> 0 | B13: =SUM('PC EMPTY BROKEN'!A13:H13) -> 0 | C13: =SUM('PC EMPTY TERIMA'!A13:G13) -> 0 | D13: =SUM('PC EMPTY TOLAK'!A13:G13) -> 0 | E13: =F13+G13+H13 -> 0 | F13: =SUM('PC FILLED BROKEN'!A13:B13) -> 0 | G13: =SUM('PC FILLED TERIMA'!C13:G13) -> 0 | H13: =SUM('PC FILLED TOLAK'!A13:M13) -> 0
... A318: =B318+C318+D318 -> 0 | B318: =SUM('PC EMPTY BROKEN'!A318:H318) -> 0 | C318: =SUM('PC EMPTY TERIMA'!A318:G318) -> 0 | D318: =SUM('PC EMPTY TOLAK'!A318:G318) -> 0 | E318: =F318+G318+H318 -> 0 | F318: =SUM('PC FILLED BROKEN'!A318:B318) -> 0 | G318: =SUM('PC FILLED TERIMA'!C318:G318) -> 0 | H318: =SUM('PC FILLED TOLAK'!A318:M318) -> 0

Sheet PC EMPTY TERIMA
A1: PC: Botol Bagus/Baik--GAL_EMPTY_PC_1 | B1: PC: Jugs umur >8 tahun (kondisi kriteria Terima)--GAL_EMPTY_PC_12 | C1: PC: Benda Asing < 3X3 cm--GAL_EMPTY_PC_2 | D1: PC: Lumut Ringan kategori "B"--GAL_EMPTY_PC_3 | E1: PC: Memo Management--GAL_EMPTY_PC_32 | F1: PC: Bau Ringan & Kotor Ringan--GAL_EMPTY_PC_4 | G1: PC: Buram Ringan kategori "B"--GAL_EMPTY_PC_5

Sheet PC EMPTY BROKEN
A1: PC: Lumut Parah "C" (sebagian berwarna hijau)--GAL_EMPTY_PC_15 | B1: PC: Buram Parah kategori "C"--GAL_EMPTY_PC_17 | C1: PC: Kotor parah, kerak, lakban, tdk dpt dibersihkan (tdk terkontaminasi)--GAL_EMPTY_PC_20 | D1: PC: Retak / Penyok > 4 cm--GAL_EMPTY_PC_21 | E1: PC: Berlubang--GAL_EMPTY_PC_22 | F1: PC: Terkena Api/Rokok--GAL_EMPTY_PC_23 | G1: PC: Berlumpur Parah--GAL_EMPTY_PC_25 | H1: PC: Retak / Penyok <= 4cm--GAL_EMPTY_PC_6

Sheet PC EMPTY TOLAK
A1: PC: Benda Asing >3x3 cm--GAL_EMPTY_PC_24 | B1: PC: Tutup Menempel--GAL_EMPTY_PC_26 | C1: PC: Bau Tajam (Bensin, Cat, Minyak tanah)--GAL_EMPTY_PC_27 | D1: PC: Botol Tidak Utuh--GAL_EMPTY_PC_28 | E1: PC: Bukan AQUA Jugs--GAL_EMPTY_PC_29 | F1: PC: Terdapat minyak / bahan kimia--GAL_EMPTY_PC_30 | G1: PC: Terkena spidol atau cat--GAL_EMPTY_PC_31

Sheet PC FILLED TERIMA
A1: PC: Lumut (IVR)--GAL_FILLED_PC_TERIMA_1 | B1: PC: Benda Asing (IVR)--GAL_FILLED_PC_TERIMA_2 | C1: PC: Coding Problem (IVR)--GAL_FILLED_PC_TERIMA_3 | D1: PC: Lain-lain (IVR)--GAL_FILLED_PC_TERIMA_4 | E1: PC: Lain-lain Terima--GAL_FILLED_PC_TERIMA_7 | F1: PC: Derogation BS--GAL_FILLED_PC_TERIMA_8 | G1: PC: Volume < 19L (botol tidak bocor)--GAL_FILLED_PC_TERIMA_9 | H1: --GAL_FILLED_PC_TERIMA_1_BAIK | I1: --GAL_FILLED_PC_TERIMA_2_BAIK | J1: --GAL_FILLED_PC_TERIMA_3_BAIK | K1: PC: Kode Prod Tutup & Botol tdk dpt dibaca/tdk ada saat diterima customer (IVR)--GAL_FILLED_PC_TERIMA_3_BAIK_1 | L1: PC: Kode Produksi Tutup & Botol tidak sama saat diterima customer (IVR)--GAL_FILLED_PC_TERIMA_3_BAIK_2 | M1: --GAL_FILLED_PC_TERIMA_4_BAIK | N1: PC: Lain-lain Terima--GAL_FILLED_PC_TERIMA_7_AFKIR | O1: --GAL_FILLED_PC_TERIMA_7_BAIK | P1: PC: Derogation BS--GAL_FILLED_PC_TERIMA_8_AFKIR | Q1: --GAL_FILLED_PC_TERIMA_8_BAIK | R1: --GAL_FILLED_PC_TERIMA_9_BAIK
H2: =A2 -> 0 | I2: =B2 -> 0 | J2: =C2 -> 0 | K2: =D2 -> 0 | L2: =E2 -> 0 | M2: =F2 -> 0 | N2: =G2 -> 0 | O2: =H2 -> 0 | ... R2: =K2 -> 0

Sheet PC FILLED BROKEN
A1: PC: Retak badan < 4cm--GAL_FILLED_PC_BROKEN_5 | B1: PC: Retak dasar < 4cm--GAL_FILLED_PC_BROKEN_6

Sheet PC FILLED TOLAK
A1: PC: Indikasi Counterfeiting--GAL_FILLED_PC_TOLAK_1 | B1: PC: Coding Problem--GAL_FILLED_PC_TOLAK_2 | C1: PC: Lain-lain Tolak--GAL_FILLED_PC_TOLAK_3 | D1: PC: Bukan produk atau botol AQUA--GAL_FILLED_PC_TOLAK_1_1 | E1: PC: Tutup bukan AQUA, ada bekas ditutup / direkatkan kembali--GAL_FILLED_PC_TOLAK_1_2 | F1: PC: Kode Produksi Tutup & Botol tidak sama (tanpa IVR)--GAL_FILLED_PC_TOLAK_1_3 | G1: PC: KodeProd Ttp&Btl tdk sama (nonIVR/AQUA Myp)--GAL_FILLED_PC_TOLAK_2_1 | H1: PC: Kode Prod Tutup & Botol tdk dpt dibaca/tdk ada (Tanpa IVR)--GAL_FILLED_PC_TOLAK_2_2 | I1: PC: Botol terkena noda sulit hilang/Terkontaminasi (Cat/Spidol/Kimia/Lem)--GAL_FILLED_PC_TOLAK_3_1 | J1: PC: Botol Berlubang--GAL_FILLED_PC_TOLAK_3_2 | K1: PC: Botol Pecah/Retak >4cm--GAL_FILLED_PC_TOLAK_3_3 | L1: PC: Vol standard (>19L), tutup & botol kondisi bagus--GAL_FILLED_PC_TOLAK_3_4 | M1: PC: Lebih dari standard waktu pengembalian (30 hari dari produksi)--GAL_FILLED_PC_TOLAK_3_5

Sheet Rincian Muat
A1: FG_DIMUAT | B1: TISSUE_DIMUAT | C1: JUGRACK_RINCIAN
A2: ='FG BATCH'!C2+'FG BATCH'!F2+'FG BATCH'!I2+'FG BATCH'!L2+'FG BATCH'!O2+'FG BATCH'!R2+'FG BATCH'!U2+'FG BATCH'!X2+'FG BATCH'!AA2+'FG BATCH'!AD2 -> 20 | B2: =TISSUE_BATCH!B2+TISSUE_BATCH!D2+TISSUE_BATCH!F2+TISSUE_BATCH!H2+TISSUE_BATCH!J2+TISSUE_BATCH!L2+TISSUE_BATCH!N2+TISSUE_BATCH!P2+TISSUE_BATCH!R2+TISSUE_BATCH!T2 -> 0
A3: ='FG BATCH'!C3+'FG BATCH'!F3+'FG BATCH'!I3+'FG BATCH'!L3+'FG BATCH'!O3+'FG BATCH'!R3+'FG BATCH'!U3+'FG BATCH'!X3+'FG BATCH'!AA3+'FG BATCH'!AD3 -> 0 | B3: =TISSUE_BATCH!B3+TISSUE_BATCH!D3+TISSUE_BATCH!F3+TISSUE_BATCH!H3+TISSUE_BATCH!J3+TISSUE_BATCH!L3+TISSUE_BATCH!N3+TISSUE_BATCH!P3+TISSUE_BATCH!R3+TISSUE_BATCH!T3 -> 0
A4: ='FG BATCH'!C4+'FG BATCH'!F4+'FG BATCH'!I4+'FG BATCH'!L4+'FG BATCH'!O4+'FG BATCH'!R4+'FG BATCH'!U4+'FG BATCH'!X4+'FG BATCH'!AA4+'FG BATCH'!AD4 -> 0 | B4: =TISSUE_BATCH!B4+TISSUE_BATCH!D4+TISSUE_BATCH!F4+TISSUE_BATCH!H4+TISSUE_BATCH!J4+TISSUE_BATCH!L4+TISSUE_BATCH!N4+TISSUE_BATCH!P4+TISSUE_BATCH!R4+TISSUE_BATCH!T4 -> 0
A5: ='FG BATCH'!C5+'FG BATCH'!F5+'FG BATCH'!I5+'FG BATCH'!L5+'FG BATCH'!O5+'FG BATCH'!R5+'FG BATCH'!U5+'FG BATCH'!X5+'FG BATCH'!AA5+'FG BATCH'!AD5 -> 0 | B5: =TISSUE_BATCH!B5+TISSUE_BATCH!D5+TISSUE_BATCH!F5+TISSUE_BATCH!H5+TISSUE_BATCH!J5+TISSUE_BATCH!L5+TISSUE_BATCH!N5+TISSUE_BATCH!P5+TISSUE_BATCH!R5+TISSUE_BATCH!T5 -> 0
A6: ='FG BATCH'!C6+'FG BATCH'!F6+'FG BATCH'!I6+'FG BATCH'!L6+'FG BATCH'!O6+'FG BATCH'!R6+'FG BATCH'!U6+'FG BATCH'!X6+'FG BATCH'!AA6+'FG BATCH'!AD6 -> 0 | B6: =TISSUE_BATCH!B6+TISSUE_BATCH!D6+TISSUE_BATCH!F6+TISSUE_BATCH!H6+TISSUE_BATCH!J6+TISSUE_BATCH!L6+TISSUE_BATCH!N6+TISSUE_BATCH!P6+TISSUE_BATCH!R6+TISSUE_BATCH!T6 -> 0
A7: ='FG BATCH'!C7+'FG BATCH'!F7+'FG BATCH'!I7+'FG BATCH'!L7+'FG BATCH'!O7+'FG BATCH'!R7+'FG BATCH'!U7+'FG BATCH'!X7+'FG BATCH'!AA7+'FG BATCH'!AD7 -> 0 | B7: =TISSUE_BATCH!B7+TISSUE_BATCH!D7+TISSUE_BATCH!F7+TISSUE_BATCH!H7+TISSUE_BATCH!J7+TISSUE_BATCH!L7+TISSUE_BATCH!N7+TISSUE_BATCH!P7+TISSUE_BATCH!R7+TISSUE_BATCH!T7 -> 0
A8: ='FG BATCH'!C8+'FG BATCH'!F8+'FG BATCH'!I8+'FG BATCH'!L8+'FG BATCH'!O8+'FG BATCH'!R8+'FG BATCH'!U8+'FG BATCH'!X8+'FG BATCH'!AA8+'FG BATCH'!AD8 -> 0 | B8: =TISSUE_BATCH!B8+TISSUE_BATCH!D8+TISSUE_BATCH!F8+TISSUE_BATCH!H8+TISSUE_BATCH!J8+TISSUE_BATCH!L8+TISSUE_BATCH!N8+TISSUE_BATCH!P8+TISSUE_BATCH!R8+TISSUE_BATCH!T8 -> 0
A9: ='FG BATCH'!C9+'FG BATCH'!F9+'FG BATCH'!I9+'FG BATCH'!L9+'FG BATCH'!O9+'FG BATCH'!R9+'FG BATCH'!U9+'FG BATCH'!X9+'FG BATCH'!AA9+'FG BATCH'!AD9 -> 0 | B9: =TISSUE_BATCH!B9+TISSUE_BATCH!D9+TISSUE_BATCH!F9+TISSUE_BATCH!H9+TISSUE_BATCH!J9+TISSUE_BATCH!L9+TISSUE_BATCH!N9+TISSUE_BATCH!P9+TISSUE_BATCH!R9+TISSUE_BATCH!T9 -> 0
A10: ='FG BATCH'!C10+'FG BATCH'!F10+'FG BATCH'!I10+'FG BATCH'!L10+'FG BATCH'!O10+'FG BATCH'!R10+'FG BATCH'!U10+'FG BATCH'!X10+'FG BATCH'!AA10+'FG BATCH'!AD10 -> 0 | B10: =TISSUE_BATCH!B10+TISSUE_BATCH!D10+TISSUE_BATCH!F10+TISSUE_BATCH!H10+TISSUE_BATCH!J10+TISSUE_BATCH!L10+TISSUE_BATCH!N10+TISSUE_BATCH!P10+TISSUE_BATCH!R10+TISSUE_BATCH!T10 -> 0
A11: ='FG BATCH'!C11+'FG BATCH'!F11+'FG BATCH'!I11+'FG BATCH'!L11+'FG BATCH'!O11+'FG BATCH'!R11+'FG BATCH'!U11+'FG BATCH'!X11+'FG BATCH'!AA11+'FG BATCH'!AD11 -> 0 | B11: =TISSUE_BATCH!B11+TISSUE_BATCH!D11+TISSUE_BATCH!F11+TISSUE_BATCH!H11+TISSUE_BATCH!J11+TISSUE_BATCH!L11+TISSUE_BATCH!N11+TISSUE_BATCH!P11+TISSUE_BATCH!R11+TISSUE_BATCH!T11 -> 0
A12: ='FG BATCH'!C12+'FG BATCH'!F12+'FG BATCH'!I12+'FG BATCH'!L12+'FG BATCH'!O12+'FG BATCH'!R12+'FG BATCH'!U12+'FG BATCH'!X12+'FG BATCH'!AA12+'FG BATCH'!AD12 -> 0 | B12: =TISSUE_BATCH!B12+TISSUE_BATCH!D12+TISSUE_BATCH!F12+TISSUE_BATCH!H12+TISSUE_BATCH!J12+TISSUE_BATCH!L12+TISSUE_BATCH!N12+TISSUE_BATCH!P12+TISSUE_BATCH!R12+TISSUE_BATCH!T12 -> 0
A13: ='FG BATCH'!C13+'FG BATCH'!F13+'FG BATCH'!I13+'FG BATCH'!L13+'FG BATCH'!O13+'FG BATCH'!R13+'FG BATCH'!U13+'FG BATCH'!X13+'FG BATCH'!AA13+'FG BATCH'!AD13 -> 0 | B13: =TISSUE_BATCH!B13+TISSUE_BATCH!D13+TISSUE_BATCH!F13+TISSUE_BATCH!H13+TISSUE_BATCH!J13+TISSUE_BATCH!L13+TISSUE_BATCH!N13+TISSUE_BATCH!P13+TISSUE_BATCH!R13+TISSUE_BATCH!T13 -> 0
... A254: ='FG BATCH'!C254+'FG BATCH'!F254+'FG BATCH'!I254+'FG BATCH'!L254+'FG BATCH'!O254+'FG BATCH'!R254+'FG BATCH'!U254+'FG BATCH'!X254+'FG BATCH'!AA254+'FG BATCH'!AD254 -> 0 | B254: =TISSUE_BATCH!B254+TISSUE_BATCH!D254+TISSUE_BATCH!F254+TISSUE_BATCH!H254+TISSUE_BATCH!J254+TISSUE_BATCH!L254+TISSUE_BATCH!N254+TISSUE_BATCH!P254+TISSUE_BATCH!R254+TISSUE_BATCH!T254 -> 0

Sheet FG BATCH
A1: FG_BATCH_NAME_1 | B1: FG_BATCH_TYPE_1 | C1: FG_BATCH_VALUE_1 | D1: FG_BATCH_NAME_2 | E1: FG_BATCH_TYPE_2 | F1: FG_BATCH_VALUE_2 | G1: FG_BATCH_NAME_3 | H1: FG_BATCH_TYPE_3 | I1: FG_BATCH_VALUE_3 | J1: FG_BATCH_NAME_4 | K1: FG_BATCH_TYPE_4 | L1: FG_BATCH_VALUE_4 | M1: FG_BATCH_NAME_5 | N1: FG_BATCH_TYPE_5 | O1: FG_BATCH_VALUE_5 | P1: FG_BATCH_NAME_6 | Q1: FG_BATCH_TYPE_6 | R1: FG_BATCH_VALUE_6 | S1: FG_BATCH_NAME_7 | T1: FG_BATCH_TYPE_7 | U1: FG_BATCH_VALUE_7 | V1: FG_BATCH_NAME_8 | W1: FG_BATCH_TYPE_8 | X1: FG_BATCH_VALUE_8 | Y1: FG_BATCH_NAME_9 | Z1: FG_BATCH_TYPE_9 | AA1: FG_BATCH_VALUE_9 | AB1: FG_BATCH_NAME_10 | AC1: FG_BATCH_TYPE_10 | AD1: FG_BATCH_VALUE_10
A2: N | B2: PC | C2: 20

Sheet TISSUE_BATCH
A1: TISSUE_BATCH_NAME_1 | B1: TISSUE_BATCH_VALUE_1 | C1: TISSUE_BATCH_NAME_2 | D1: TISSUE_BATCH_VALUE_2 | E1: TISSUE_BATCH_NAME_3 | F1: TISSUE_BATCH_VALUE_3 | G1: TISSUE_BATCH_NAME_4 | H1: TISSUE_BATCH_VALUE_4 | I1: TISSUE_BATCH_NAME_5 | J1: TISSUE_BATCH_VALUE_5 | K1: TISSUE_BATCH_NAME_6 | L1: TISSUE_BATCH_VALUE_6 | M1: TISSUE_BATCH_NAME_7 | N1: TISSUE_BATCH_VALUE_7 | O1: TISSUE_BATCH_NAME_8 | P1: TISSUE_BATCH_VALUE_8 | Q1: TISSUE_BATCH_NAME_9 | R1: TISSUE_BATCH_VALUE_9 | S1: TISSUE_BATCH_NAME_10 | T1: TISSUE_BATCH_VALUE_10
